Michael.Dale = Michael Dale <michael.dale@kaltura.com>
Mdale = Michael Dale <michael.dale@kaltura.com>
dale = Michael Dale <michael.dale@kaltura.com>
avivais = Avi Vaisenberger <avi.vaisenberger@kaltura.com>
kalturian = Zohar Babin <zohar.babin@kaltura.com>
papyromancer = Andrew Davis <andrew.davis@kaltura.com>
ranyefet = Ran Yefet <ran.yefet@kaltura.com>
mariusa = Marius Andreiana <marius.andreiana@gmail.com>
tracey_pooh = Tracey Jaquith <tracey@archive.org>
jackobo007 = Jack Rachmani <jack.rachmani@fox.com>
keith.wilcox = Keith Wilcox <keith.wilcox@disney.com>
vitali = Vitali Kniazeu <vitali@conviva.com>
plymedia = Elizabeth Marr <liz@plymedia.com>
